no,title
1,[한국투자증권](한국투자증권) 온라인 금융상품권 5만원권
2,[아이더](신세계마산점)[21SS신상] 아이더 1+1 2팩 반팔 남녀공용 라운드 티셔츠 DMM21270
3,[파스퇴르우유]파스퇴르 무항생제 인증 바른목장(190ml54입)/멸균우유
4,(m)[임성근] 특 소갈비탕 800g x 5팩 (총 4kg) 
5,[센텔리안24]마데카크림 시즌4 50ml 2개 +커버크림20g+크림5매
6,[네이쳐리빙]모노블 접이식 문걸이 빨래건조대
7,[파스퇴르]파스퇴르 전용목장190mL 저지방 멸균우유24입 X2(48입)
8,[릴리유]릴리유 퓨어퍼플 물티슈 캡72매X10팩(1BOX)
9,[롯데푸드]구구 크러스터 아이스크림 660ml 6개
10,(쌀가게) (신세계의정부점)[2020년 햅쌀] 초정약수 참드림쌀 10kg
11,[홈스타]홈스타 뿌리는 곰팡이싹 500mlX4 +1L증정
12,[농심]배홍동 비빔면 137g X 4입 5개 (총20개)
13,[네오젠]포어 클리어 BHA 모공패드 90매+패드 10매(2매입5개)
14,[자주]JAJU 자주본사 언더웨어 브라 힙허거 팬티 ~54%
15,[트라이]트라이 본사 남녀 언더/런닝 특가
16,올청 변기세정제 변기클리너 50g 60개입
17,[블랑슈]블랑슈 센시티브 아기물티슈 캡형 100매 10팩
18,[빕스]VIPS 오리지널 바비큐 폭립 450g x 3박스
19,[풀무원]풀무원 탱글소시지 철판볶음밥 1인(9개)
20,[드릴펑]배수구 세정제 드릴펑 1L 3개+드릴펑2L+증정/8100원
21,[테슬라]여름 마카니 우븐슈즈 초특가 행사 남녀 샌들
22,(혼식)국산 찹쌀 3kg / 최근도정
23,(초등교과 어휘왕) 가로세로 낱말퍼즐  : 초급+중급(전2권) / 2021년 7월 최신간 (출시기념 특가)
24,국내산 아귀포 촉촉 순살 10미 (대-300g)
25,제주 미니 밤호박 (보우짱) 5kg (혼합과)
26,[쁘리엘르]여름용 유아 양면 블랭킷 외 아기침구 모음
27,[사조참치]사조 살코기 참치 85g x 24개
28,[아침농산]국산 농부의아침 쌀10kg  2020년산
29,[동원에프앤비]동원샘물 500ml X 40병
30,유닉심플 여름신상 데일리룩/루즈핏/빅사이즈
31,[김나운더키친]김나운 서울식 집밥 총각김치 5kg / 국내산
32,브리치x아이미마인 무료반품 10%쿠폰 셔츠/원피스
33,[헤드앤숄더]헤드앤숄더 시트러스 레몬 샴푸 750ml 4개 +사은품
34,[동원에프앤비]동원 자연산골뱅이 300g x 5개+랜덤증정
35,[이지바이]창고대방출 아웃도어 6900 균일/쿨론티/추리닝/바지
36,[시크릿데이]시크릿데이 최종9960 슈퍼롱오버나이트 8PX5팩+파우치/
37,부광 안티프라그 얇은헤드 칫솔 초극세모 12입+증정
38,[뮬라웨어]25%+10% 뮬라웨어 브랜드 쇼케이스 vol.1
39,[GNM자연의품격]쏘팔메토 07 옥타코사놀 2박스(총6개월분) 전립선건강
40,[엔비]만두 포니 헤어 곱창 세트 밴드 머리끈 슈슈 집게핀
41,[휠라키즈](신세계센텀점)  [최초가59000원 ]키즈 벨로체 운동화 (3RM01661D)
42,[구글플레이](카드가능) 기프트코드 10만원 / 구글 기프트카드
43,[가야농장]가야농장  1.5L 인기 5종기획(알토감사복)
44,홈쇼핑 S/S 시즌오프 블라우스/원피스/티셔츠/팬츠 外
45,[비지트인뉴욕]비지트인뉴욕 울블랜디드 롱 테일러드 코트
46,철재 접착식 코너 욕실선반 1+1
47,[고기천국](고기천국) 삼겹살(구이용) 400g+400g
48,[푸마]앵콜 푸마 남여 기능성 쿨링 냉감티셔츠 / 반팔티셔츠
49,아이스냉감/스판/린넨/반바지/5부/7부/빅사이즈
50,[홈스타]홈스타 락스와세제 후로랄파인 750ML x4
51,[뮬라웨어]25%+10% 뮬라웨어 브랜드 쇼케이스 vol.2
52,[애슐리]애슐리 볶음밥 5종(10인분) 1+1+1+1+1
53,에이블린 여름빅세일 원피스/롱티셔츠/바캉스
54,[신세계푸드]지중해 황도 410g x 8캔
55,시크루즈/원피스/홈웨어/SET아이템/빅사이즈/바캉스룩
56,북성로 연탄불고기 300g x 4팩
57,[아디다스](신세계경기점)[SPORTSWEAR] 반팔/반바지 택1 (FT2878 FT2884 GP0940 FM5315 FM5316 DX7662 EB5260 FL43...
58,[의성마늘햄]롯데 의성마늘 프랑크 70gx20개
59,[동원에프앤비]동원 샘물 2Lx6병x6팩(총36병)
60,[에바스]로에랑스 퍼퓸 바디미스트/샤워코롱 250ml(+행사중)
61,1+1 어글리 슬리퍼 초경량 커플 실내화 무지2
62,[아디다스]듀라모 SL 슬라이드 FY8786 FY8787 FY6034 FY8788
63,[다우니]다우니 프리미엄 액체형 세탁세제 실내건조 2.8L 2개
64,밥대신 75 칼로리 귀리 현미 곤약밥 x 15팩
65,[나무야나무야]나무야 도톰한 3겹데코 30m 30롤 3팩/화장지/휴지
66,[한국야쿠르트]오늘의야채 유기농 사과당근 포도비트 200ml 10+10개입
67,수퍼맘스토리/ELI출판사/다개국어 5개국어 엑티비티 그림단어사전/영어/스페인어/프랑스어/독일어/이태리어
68,[락토핏]15% 종근당건강 락토핏 5X 생유산균 골드 3통 +10포 더
69,아큘레틱 초특가 아쿠아슈즈 워터파크 워터슈즈
70,범인찾기 추리북2권+미로대탈출+숨은그림찾기 세트
71,[릴리유]릴리유 퓨어그린 아기물티슈 캡 80매 10팩 C
72,[가히]가히 링클바운스 멀티밤 스틱 9g_B
73,국산 르미에 630g 라지자캔들 + 70g 스몰자 증정
74,[원더브라]원더브라 본사 신상 브라팬티 3종세트 1만원대
75,[참도깨비]춘원 메밀소바 /면+육수5+와사비
76,[소다스쿨]과탄산소다 특대용량 7kg  / 산소계 표백제
77,[제주삼다수]제주삼다수 2L 12병 /생수전문배송
78,[케라시스]KS퍼퓸샴푸엘레강스 600ml x5개
79,[프로월드컵]22% 100매입/입체형/초소형/소형/중형/특대형마스크
80,[모나리자]미용티슈 (250매3입)X4개 화장지 휴지
81,[도시락]김치 도시락 12 + 도시락 12입 총 24개 12입 박스포장
82,[매일우유]매일 멸균우유 저지방 1프로 200ML 24팩
83,[구글플레이](카드가능) 기프트코드 5만원 / 구글 기프트카드
84,[모나리자]천연펄프 소프트리 퓨어 25m 30롤 3개 (총90롤)
85,스마일북스 베스트 차일드애플 1.2 선택 구매
86,[매일유업]매일두유 99.9 190ml 48팩
87,소백산 한울벌꿀 아카시아꿀 국내산 무료배송 2.4kg
88,[햇반]CJ 햇반 210g 36개 1박스
89,상큼한 아오리 사과 5kg (30-33과/실중량/가정용)
90,[아르떼(Arte)]아르떼 새부리형 마스크 KF94 100매 화이트 개별포장
91,[하비비]청개구리 자동 변기 클리너 세정제 6개 (12개월분)
92,[크리넥스]크리넥스 실크소프트 250매X3입X3팩 /곽티슈
93,[농협]믿고먹는_안심농협쌀_20KG 포 
94,신세계 스타필드 하남 맛집  하남쭈꾸미 500g X 3팩
95,[테리파머]호텔수건 초고중량 타올 220g 수건 10장 수건세트 특가
96,[유한킴벌리]KLX 버블핸드워시 퓨어애플 250ml 2입+리필200ml 4입
97,(무료반품)타니즈_여름샌들/뮬/슬리퍼 32종
98,[롯데푸드]구구스타 아이스크림 30개입
99,오로라 LPP 트리트먼트 헤어팩 1000ml 1+1 총2000ml
100,[리큐]액체세탁세제 리큐 일반2.1Lx6개+데옥스증정/13920원
101,[맥심]맥심 화이트골드 커피믹스 400T :37500원쿠폰가+보냉백
102,주부의미 20kg 20년산 당일도정 박스포장 맛있는 밥맛
103,[프렌치카페]프렌치카페 로스터리 컵커피 4종250ml 10+10 골라담기
104,[라퀴진]라퀴진 모짜렐라 치즈스틱 1kg 2팩
105,[푸마]사은품 증정 푸마 양말/발목양말/스포츠양말/덧신
106,[아워홈]지리산수 핑크 500ml 20병 /생수전문배송
107,[오뚜기]오뚜기 맛있는밥 (210G 12입)
108,[맥심]맥심 모카골드 커피믹스 400T :39500원 쿠폰가+사은품
109,[엠엔]엠엔전자 초미풍 기계식 선풍기 FNF-G14WG 2021년형
110,[일동후디스]하이뮨 프로틴 밸런스 304g 5캔(보틀증정)
111,[웰치스]웰치스소다 포도 24캔+청포도24캔 (총48캔)
112,[정직한패드]정직한패드 20g x 400매 애견패드 배변 강아지패드
113,역주행상품 조이풀 천연소가죽 이지샌들
114,[조르쥬레쉬][조르쥬 레쉬] 썸머 웨이브 컬렉션 4PCS
115,쏭스타일 신상추가.빅사이즈.롱티.루즈핏
116,[스마트에코]모데라토 엠보 캡형X10팩 80매 아기물티슈 무료배송
117,[굽네]굽네 갈비천왕 치밥 200g 5팩/KC20
118,[비비안]비비안 본사직영 썸머 언더웨어 초특가 기획전
119,[파스퇴르우유]파스퇴르 무항생제 바른목장우유 190mL 24입 X2 (48팩)
120,[풀무원]모짜렐라 핫도그80g 5입X4봉(총20개)
121,[Gfresh]수제함박스테이크 150gX10개/무항생제/국내산돼지고기
122,비비고 왕교자1.05kg 3개
123,[유한킴벌리]크리넥스3겹 데코소프트33MX24롤X2팩
124,국내산 참굴비 350g 4팩 40미 1.4kg 12~14cm 찌게 조림
125,[프로쉬]독일 프로쉬 식기세척기세제 그린레몬 50EA+커팅케이스
126,[스테프핫도그]스테프 화끈한 부대찌개 4팩+라면사리 2개
127,아삭한 복숭아 (딱딱이) 4.5kg (25과내외/실중량)
128,[베베앙]베베앙 아기물티슈  시그니처 대용량 100매 캡형 10팩
129,[브리타]막스트라 플러스 필터 3개월분
130,[스카트]스카트 항균 도톰한 블루 행주타월 72매6롤/행주/휴지
131,[무궁화때비누]무궁화 샤워때비누(사해소금+화산송이) 900ml 2개
132,[센스(물티슈)]센스물티슈 악어 캡형 100매 10팩+10팩/
133,메이시스 여름신상 홈웨어 잠옷 사은품 증정
134,[백산수]백산수 2L 12병 /생수전문배송
135,[랩신]랩신 핸드워시 손세정제 컬러 250ml+200mlx3+비누
136,NEW땡큐 화장지 (30롤 x 2팩) / 3겹 두루마리 휴지
137,[포레스트스토리]B7 약산성 탈모 샴푸 1000ml+1000ml+250ml+헤어미스트W
138,[순수식품]rTG 알티지 오메가3 비타민D 6개월분(180캡슐) 3박스
139,[아이러브베베]아이러브베베물티슈핑크100매캡형X20팩
140,청정우 양지 300gX4팩
141,[GNM자연의품격]100억 보장 프로바이오틱스 생유산균 2박스/총 4개월분
142,생 아스파라거스 700g(혼합) 마트쿨세일15%할인
143,[모나리자]천연펄프 소프트리 데일리  27m24롤 3개 (총72롤)
144,GIEL  세제혁명 NEW 지엘플러스 1.3L   10통 일반세
145,[크록스](신세계강남점)[크록스코리아] 클로그 슬라이드 플립 샌들 27종 모음전
146,[쏜리서치](아이허브) Thorne Research 기초영양소 투퍼데이 60캡슐  종합비타민 멀티비타민 빠른직구
147,[제주삼다수]제주삼다수 500ml 40병 /생수전문배송
148,[웅진]탄산수 플레인 + 레몬 500ml x 40개입 (20페트+20페트)
149,티메이 여름신상 블라우스 원피스 티셔츠 반팔
150,[청정원]청정원 프리미엄 파스타소스3개 + 면or파우치증정
151,[동원에프앤비]동원샘물 2L x 6병 x 4팩 (총24병)
152,[해태제과]오예스 미니 초코 2개+쿠키앤크림 2개/파이/다과/간식
153,[로레알]로레알파리 염색약/헤어팩/오일 外 COOL~ SALE
154,[드시모네]캡슐 1박스 60캡슐(2개월분)
155,[유한킴벌리]크리넥스 안심 키친타월 120매 12롤 2입 1박스
156,아이러브베베물티슈핑크 100매 리필형X20팩
157,[오랄비]오랄비 잇몸케어 고탄력 초미세모 잇몸전문칫솔 12입 s
158,[알페신]알페신 카페인샴푸 c1 250ml2+알페신브러쉬증정
159,[맥심]모카골드 커피믹스 400T  +캠핑체어/쿠폰가41900원
160,[천호엔케어]최종가19900원  국산 양배추 브로콜리즙 70ml 100포
161,3만원인하 지오송지오 21Summer 판초니트 4종
162,[의성마늘햄]의성마늘 프랑크 70gx30개
163,속뜻사전교육출판사 속뜻풀이 초등국어사전/우리말 한자어 속뜻사전/선택님 한자책 선택구매
164,[키즈마루]국산 3중 비말차단 마스크  300매 KF-AD MB필터 마스크
165,[잘풀리는집]잘풀리는집 순수프리미엄 30M 30롤 2팩
166,[미즈노]푸마 外 트레이닝 반팔티 47종 택1
167,로코코 BEST 여름신상 원피스/블라우스/티셔츠
168,[아이러브베베]아이보리 72매 20팩 캡형 아기물티슈
169,찰옥수수  (18cm이상) X 10개 /강원도/대학찰옥수수등
170,[프렌치카페]악마의유혹 컵 250mlX10입 카라멜마끼아또 2021-08-22
171,춘천 신선 한입 닭갈비 1kg   2개 (일반맛 2개)
172,[리챔]리챔 오리지널 200g 10캔
173,[아워홈]지리산수 핑크 500ml 80병 /생수전문배송
174,[서울우유]멸균우유 1000ml x 10입 (1박스)
175,(현대백화점)[밀레] 2021 남성 나우 2 아이스 쉘 카라티셔츠 MUQUT432
176,[꿈토리]아기물티슈 넉넉한점프 100매 20팩 캡형 엠보싱 45gsm
177,[GNM자연의품격]연골 무릎 관절엔 MSM 글루코사민 비타민D 60정x2병
178,[Gfresh]튀김공방 매콤 오징어튀김 350gX2팩
179,[비비고]비비고 동그랑땡560g x2 + 한입떡갈비282g x2번들 2개
180,[천호엔케어]데일리코어 프로바이오틱스 50포 3박스/장윤정 유산균
181,남여공용 베이직면티/스포츠티셔츠/아이스팬츠 모음전
182,[크리넥스]도톰한 뽑아쓰는 키친타올 140매x4개
183,(특가) 종이나라 에르베튈레의 창작전시회수업 / 그리기수업 / 색칠수업
184,[동원참치]라이트 스탠다드 참치 100g 15캔 원터치
185,국내산 얼갈이김치 2kg(HACCP 제조)
186,오토엑스 차량용 송풍구 LED 써큘레이터 선풍기
187,[꿈토리]아기물티슈 가득찬 챔프 55gsm 캡형 엠보싱100매 10팩
188,[에뛰드]UP TO 60% 2021 신상올림픽 n 1+1특가모음
189,메이시스 여름 루즈핏 원피스 블라우스
190,쿨 마스크 여름 3D입체 연예인 스포츠 패션 8매 세트
191,[웅진]탄산수 플레인+청포도 500ml x 40개입 (20페트+20페트)
192,[Miel]신상품 런칭기념 미엘물티슈 클래식 100매 캡형 20팩
193,무항생제 해썹인증 구운계란 구운란 2판(60구) 대란
194,씨적은 수박 (8-9KG 미만)
195,[햇반]컵반 집콕KIT 스팸마요덮밥 219g x8개입
196,[뉴케어]뉴케어 구수한맛 200ml x 30팩 /균형영양식 식사대용
197,[구글플레이](카드가능) 기프트코드 3만원 / 구글 기프트카드
198,[베이비베이비]베이비베이비 아기물티슈 트윙클120매 20팩 캡형
199,[아웃백스테이크하우스]아웃백 디지털 5만원권
200,[JW중외제약]루테인지아잔틴 오메가3 눈건강 눈영양제 루테인 3박스
